"Ward","All Household Reference Persons (HRPs): Aged 16-64 years","Approximated social grade of HRP aged 16-64 years: C1","Approximated social grade of HRP aged 16-64 years: C2","Approximated social grade of HRP aged 16-64 years: DE","abcone","ctwode","adbc_unweighted","ctwode_unweighted","weighted_abc","weighted_ctwode","support_by_ward_raw","percentage_ward"
"Bryansburn",656,252,118,104,434,222,34.72,22.2,52.823008,33.77508,78.154318,0.119137679878049
"Dufferin",877,264,190,317,370,507,29.6,50.7,45.03344,77.13498,102.884675,0.117314338654504
"Rathgael",723,259,166,193,364,359,29.12,35.9,44.303168,54.61826,85.266863,0.117934803596127
"Silverstream",1159,413,257,327,575,584,46,58.4,69.9844,88.84976,136.62172,0.117878964624676
"Spring Hill",745,306,145,120,480,265,38.4,26.5,58.42176,40.3171,88.659585,0.119006154362416
